strategy,total_cost,total_revenue,roi
1,1815.4217061465597,26316.105377320026,13.495863571654086
2,2331.6136518321237,31017.94932886008,12.303211406609732
3,2405.5360636173996,30336.500169250612,11.611118423072467
4,1940.1409905936534,28754.807044023226,13.820988362925467
